app,year,metric,value,source_name,source_url
Calm,2015,revenue_usd_mm,2,Business of Apps — Calm Revenue and Usage Statistics (2026),https://www.businessofapps.com/data/calm-statistics/
Calm,2016,revenue_usd_mm,7,Business of Apps — Calm Revenue and Usage Statistics (2026),https://www.businessofapps.com/data/calm-statistics/
Calm,2017,revenue_usd_mm,37,Business of Apps — Calm Revenue and Usage Statistics (2026),https://www.businessofapps.com/data/calm-statistics/
Calm,2018,revenue_usd_mm,80,Business of Apps — Calm Revenue and Usage Statistics (2026),https://www.businessofapps.com/data/calm-statistics/
Calm,2019,revenue_usd_mm,150,Business of Apps — Calm Revenue and Usage Statistics (2026),https://www.businessofapps.com/data/calm-statistics/
Calm,2020,revenue_usd_mm,200,Business of Apps — Calm Revenue and Usage Statistics (2026),https://www.businessofapps.com/data/calm-statistics/
Calm,2021,revenue_usd_mm,330,Business of Apps — Calm Revenue and Usage Statistics (2026),https://www.businessofapps.com/data/calm-statistics/
Calm,2022,revenue_usd_mm,355,Business of Apps — Calm Revenue and Usage Statistics (2026),https://www.businessofapps.com/data/calm-statistics/
Calm,2023,revenue_usd_mm,300,Business of Apps — Calm Revenue and Usage Statistics (2026),https://www.businessofapps.com/data/calm-statistics/
Calm,2024,revenue_usd_mm,277,Business of Apps — Calm Revenue and Usage Statistics (2026),https://www.businessofapps.com/data/calm-statistics/
Calm,2025,revenue_usd_mm,210,Business of Apps — Calm Revenue and Usage Statistics (2026),https://www.businessofapps.com/data/calm-statistics/
Calm,2016,downloads_mm,2.3,Business of Apps — Calm Revenue and Usage Statistics (2026),https://www.businessofapps.com/data/calm-statistics/
Calm,2017,downloads_mm,8.9,Business of Apps — Calm Revenue and Usage Statistics (2026),https://www.businessofapps.com/data/calm-statistics/
Calm,2018,downloads_mm,19.3,Business of Apps — Calm Revenue and Usage Statistics (2026),https://www.businessofapps.com/data/calm-statistics/
Calm,2019,downloads_mm,24.5,Business of Apps — Calm Revenue and Usage Statistics (2026),https://www.businessofapps.com/data/calm-statistics/
Calm,2020,downloads_mm,32.3,Business of Apps — Calm Revenue and Usage Statistics (2026),https://www.businessofapps.com/data/calm-statistics/
Calm,2021,downloads_mm,20.6,Business of Apps — Calm Revenue and Usage Statistics (2026),https://www.businessofapps.com/data/calm-statistics/
Calm,2022,downloads_mm,13.7,Business of Apps — Calm Revenue and Usage Statistics (2026),https://www.businessofapps.com/data/calm-statistics/
Calm,2023,downloads_mm,9.5,Business of Apps — Calm Revenue and Usage Statistics (2026),https://www.businessofapps.com/data/calm-statistics/
Calm,2024,downloads_mm,7.9,Business of Apps — Calm Revenue and Usage Statistics (2026),https://www.businessofapps.com/data/calm-statistics/
Calm,2025,downloads_mm,7.3,Business of Apps — Calm Revenue and Usage Statistics (2026),https://www.businessofapps.com/data/calm-statistics/
Calm,2017,paid_subscribers_mm,0.75,Business of Apps — Calm Revenue and Usage Statistics (2026),https://www.businessofapps.com/data/calm-statistics/
Calm,2018,paid_subscribers_mm,1,Business of Apps — Calm Revenue and Usage Statistics (2026),https://www.businessofapps.com/data/calm-statistics/
Calm,2019,paid_subscribers_mm,2,Business of Apps — Calm Revenue and Usage Statistics (2026),https://www.businessofapps.com/data/calm-statistics/
Calm,2020,paid_subscribers_mm,4,Business of Apps — Calm Revenue and Usage Statistics (2026),https://www.businessofapps.com/data/calm-statistics/
Calm,2021,paid_subscribers_mm,4.8,Business of Apps — Calm Revenue and Usage Statistics (2026),https://www.businessofapps.com/data/calm-statistics/
Calm,2022,paid_subscribers_mm,5,Business of Apps — Calm Revenue and Usage Statistics (2026),https://www.businessofapps.com/data/calm-statistics/
Calm,2023,paid_subscribers_mm,4.5,Business of Apps — Calm Revenue and Usage Statistics (2026),https://www.businessofapps.com/data/calm-statistics/
Calm,2024,paid_subscribers_mm,4,Business of Apps — Calm Revenue and Usage Statistics (2026),https://www.businessofapps.com/data/calm-statistics/
Calm,2025,paid_subscribers_mm,3.5,Business of Apps — Calm Revenue and Usage Statistics (2026),https://www.businessofapps.com/data/calm-statistics/
Headspace,2016,revenue_usd_mm,30,Business of Apps — Headspace Revenue and Usage Statistics (2026),https://www.businessofapps.com/data/headspace-statistics/
Headspace,2017,revenue_usd_mm,40,Business of Apps — Headspace Revenue and Usage Statistics (2026),https://www.businessofapps.com/data/headspace-statistics/
Headspace,2018,revenue_usd_mm,60,Business of Apps — Headspace Revenue and Usage Statistics (2026),https://www.businessofapps.com/data/headspace-statistics/
Headspace,2019,revenue_usd_mm,100,Business of Apps — Headspace Revenue and Usage Statistics (2026),https://www.businessofapps.com/data/headspace-statistics/
Headspace,2020,revenue_usd_mm,150,Business of Apps — Headspace Revenue and Usage Statistics (2026),https://www.businessofapps.com/data/headspace-statistics/
Headspace,2021,revenue_usd_mm,220,Business of Apps — Headspace Revenue and Usage Statistics (2026),https://www.businessofapps.com/data/headspace-statistics/
Headspace,2022,revenue_usd_mm,235,Business of Apps — Headspace Revenue and Usage Statistics (2026),https://www.businessofapps.com/data/headspace-statistics/
Headspace,2023,revenue_usd_mm,195,Business of Apps — Headspace Revenue and Usage Statistics (2026),https://www.businessofapps.com/data/headspace-statistics/
Headspace,2024,revenue_usd_mm,175,Business of Apps — Headspace Revenue and Usage Statistics (2026),https://www.businessofapps.com/data/headspace-statistics/
Headspace,2025,revenue_usd_mm,140,Business of Apps — Headspace Revenue and Usage Statistics (2026),https://www.businessofapps.com/data/headspace-statistics/
Headspace,2016,downloads_mm,5,Business of Apps — Headspace Revenue and Usage Statistics (2026),https://www.businessofapps.com/data/headspace-statistics/
Headspace,2017,downloads_mm,9.9,Business of Apps — Headspace Revenue and Usage Statistics (2026),https://www.businessofapps.com/data/headspace-statistics/
Headspace,2018,downloads_mm,16.1,Business of Apps — Headspace Revenue and Usage Statistics (2026),https://www.businessofapps.com/data/headspace-statistics/
Headspace,2019,downloads_mm,15.3,Business of Apps — Headspace Revenue and Usage Statistics (2026),https://www.businessofapps.com/data/headspace-statistics/
Headspace,2020,downloads_mm,12.1,Business of Apps — Headspace Revenue and Usage Statistics (2026),https://www.businessofapps.com/data/headspace-statistics/
Headspace,2021,downloads_mm,9.9,Business of Apps — Headspace Revenue and Usage Statistics (2026),https://www.businessofapps.com/data/headspace-statistics/
Headspace,2022,downloads_mm,5.7,Business of Apps — Headspace Revenue and Usage Statistics (2026),https://www.businessofapps.com/data/headspace-statistics/
Headspace,2023,downloads_mm,5.1,Business of Apps — Headspace Revenue and Usage Statistics (2026),https://www.businessofapps.com/data/headspace-statistics/
Headspace,2024,downloads_mm,4,Business of Apps — Headspace Revenue and Usage Statistics (2026),https://www.businessofapps.com/data/headspace-statistics/
Headspace,2025,downloads_mm,3,Business of Apps — Headspace Revenue and Usage Statistics (2026),https://www.businessofapps.com/data/headspace-statistics/
Headspace,2017,paid_subscribers_mm,0.4,Business of Apps — Headspace Revenue and Usage Statistics (2026),https://www.businessofapps.com/data/headspace-statistics/
Headspace,2018,paid_subscribers_mm,1,Business of Apps — Headspace Revenue and Usage Statistics (2026),https://www.businessofapps.com/data/headspace-statistics/
Headspace,2019,paid_subscribers_mm,1.3,Business of Apps — Headspace Revenue and Usage Statistics (2026),https://www.businessofapps.com/data/headspace-statistics/
Headspace,2020,paid_subscribers_mm,2,Business of Apps — Headspace Revenue and Usage Statistics (2026),https://www.businessofapps.com/data/headspace-statistics/
Headspace,2021,paid_subscribers_mm,3.5,Business of Apps — Headspace Revenue and Usage Statistics (2026),https://www.businessofapps.com/data/headspace-statistics/
Headspace,2022,paid_subscribers_mm,3.3,Business of Apps — Headspace Revenue and Usage Statistics (2026),https://www.businessofapps.com/data/headspace-statistics/
Headspace,2023,paid_subscribers_mm,2.8,Business of Apps — Headspace Revenue and Usage Statistics (2026),https://www.businessofapps.com/data/headspace-statistics/
Headspace,2024,paid_subscribers_mm,2.3,Business of Apps — Headspace Revenue and Usage Statistics (2026),https://www.businessofapps.com/data/headspace-statistics/
Headspace,2025,paid_subscribers_mm,2,Business of Apps — Headspace Revenue and Usage Statistics (2026),https://www.businessofapps.com/data/headspace-statistics/
